{
	"credit": "Made with Blockbench",
	"textures": {
		"particle": "block/chorus_plant_flower_petal",
		"texture": "block/chorus_plant_flower_petal",
		"center": "block/chorus_plant_flower_center",
		"texture1": "block/chorus_plant_flower_fur"
	},
	"elements": [
		{
			"name": "Box0",
			"from": [4, 0, 4],
			"to": [12, 2, 12],
			"faces": {
				"north": {"uv": [8, 14, 16, 16], "texture": "#center"},
				"east": {"uv": [8, 14, 16, 16], "texture": "#center"},
				"south": {"uv": [8, 14, 16, 16], "texture": "#center"},
				"west": {"uv": [8, 14, 16, 16], "texture": "#center"},
				"up": {"uv": [0, 0, 8, 8], "texture": "#center"},
				"down": {"uv": [0, 8, 8, 16], "texture": "#center"}
			}
		},
		{
			"name": "Box1",
			"from": [4, 2, 12],
			"to": [12, 3.25, 13],
			"rotation": {"angle": 22.5, "axis": "x", "origin": [8, 2, 8]},
			"faces": {
				"north": {"uv": [0, 14, 8, 16], "texture": "#center"},
				"east": {"uv": [0, 14, 1, 16], "texture": "#center"},
				"south": {"uv": [0, 14, 8, 16], "texture": "#center"},
				"west": {"uv": [0, 14, 1, 16], "texture": "#center"},
				"up": {"uv": [0, 15, 8, 16], "texture": "#center"},
				"down": {"uv": [0, 15, 8, 16], "texture": "#center"}
			}
		},
		{
			"name": "Box2",
			"from": [12, 2, 4],
			"to": [13, 3.25, 12],
			"rotation": {"angle": -22.5, "axis": "z", "origin": [8, 2, 8]},
			"faces": {
				"north": {"uv": [0, 14, 1, 16], "texture": "#center"},
				"east": {"uv": [0, 14, 8, 16], "texture": "#center"},
				"south": {"uv": [0, 14, 1, 16], "texture": "#center"},
				"west": {"uv": [0, 14, 8, 16], "texture": "#center"},
				"up": {"uv": [0, 15, 8, 16], "rotation": 270, "texture": "#center"},
				"down": {"uv": [0, 15, 8, 16], "rotation": 90, "texture": "#center"}
			}
		},
		{
			"name": "Box3",
			"from": [3, 2, 4],
			"to": [4, 3.25, 12],
			"rotation": {"angle": 22.5, "axis": "z", "origin": [8, 2, 8]},
			"faces": {
				"north": {"uv": [0, 14, 1, 16], "texture": "#center"},
				"east": {"uv": [0, 14, 8, 16], "texture": "#center"},
				"south": {"uv": [0, 14, 1, 16], "texture": "#center"},
				"west": {"uv": [0, 14, 8, 16], "texture": "#center"},
				"up": {"uv": [0, 15, 8, 16], "rotation": 90, "texture": "#center"},
				"down": {"uv": [0, 15, 8, 16], "rotation": 270, "texture": "#center"}
			}
		},
		{
			"name": "Box4",
			"from": [4, 2, 3],
			"to": [12, 3.25, 4],
			"rotation": {"angle": -22.5, "axis": "x", "origin": [8, 2, 8]},
			"faces": {
				"north": {"uv": [0, 14, 8, 16], "texture": "#center"},
				"east": {"uv": [0, 14, 1, 16], "texture": "#center"},
				"south": {"uv": [0, 14, 8, 16], "texture": "#center"},
				"west": {"uv": [0, 14, 1, 16], "texture": "#center"},
				"up": {"uv": [0, 15, 8, 16], "rotation": 180, "texture": "#center"},
				"down": {"uv": [0, 15, 8, 16], "rotation": 180, "texture": "#center"}
			}
		},
		{
			"name": "PlaneY2",
			"from": [4.5, 1.125, 16],
			"to": [20.5, 1.126, 32],
			"shade": false,
			"rotation": {"angle": 45, "axis": "y", "origin": [4.5, 1.125, 16]},
			"faces": {
				"up": {"uv": [0, 0, 16, 16], "rotation": 180, "texture": "#texture"},
				"down": {"uv": [0, 0, 16, 16], "texture": "#texture"}
			}
		},
		{
			"name": "PlaneY2",
			"from": [0, 1.25, 4.5],
			"to": [16, 1.251, 20.5],
			"shade": false,
			"rotation": {"angle": -45, "axis": "y", "origin": [0, 1.25, 4.5]},
			"faces": {
				"up": {"uv": [0, 0, 16, 16], "rotation": 180, "texture": "#texture"},
				"down": {"uv": [0, 0, 16, 16], "texture": "#texture"}
			}
		},
		{
			"name": "PlaneY2",
			"from": [-4.5, 1.375, -16],
			"to": [11.5, 1.376, 0],
			"shade": false,
			"rotation": {"angle": 45, "axis": "y", "origin": [11.5, 1.375, 0]},
			"faces": {
				"up": {"uv": [0, 0, 16, 16], "texture": "#texture"},
				"down": {"uv": [0, 0, 16, 16], "rotation": 180, "texture": "#texture"}
			}
		},
		{
			"name": "PlaneY2",
			"from": [0, 1, -4.5],
			"to": [16, 1.001, 11.5],
			"shade": false,
			"rotation": {"angle": -45, "axis": "y", "origin": [16, 1, 11.5]},
			"faces": {
				"up": {"uv": [0, 0, 16, 16], "texture": "#texture"},
				"down": {"uv": [0, 0, 16, 16], "rotation": 180, "texture": "#texture"}
			}
		},
		{
			"name": "b1",
			"from": [0.5, -0.22417, -4.15432],
			"to": [16.5, -0.22317, 4.84568],
			"shade": false,
			"rotation": {"angle": 22.5, "axis": "x", "origin": [8, 0, 8]},
			"faces": {
				"up": {"uv": [0, 7, 16, 16], "texture": "#texture", "tintindex": 0},
				"down": {"uv": [16, 7, 0, 16], "rotation": 180, "texture": "#texture"}
			}
		},
		{
			"name": "b2",
			"from": [11.15432, -0.22417, 0.5],
			"to": [20.15432, -0.22317, 16.5],
			"shade": false,
			"rotation": {"angle": 22.5, "axis": "z", "origin": [8, 0, 8]},
			"faces": {
				"up": {"uv": [0, 7, 16, 16], "rotation": 90, "texture": "#texture"},
				"down": {"uv": [16, 7, 0, 16], "rotation": 90, "texture": "#texture"}
			}
		},
		{
			"name": "b3",
			"from": [-0.5, -0.22417, 11.15432],
			"to": [15.5, -0.22317, 20.15432],
			"shade": false,
			"rotation": {"angle": -22.5, "axis": "x", "origin": [8, 0, 8]},
			"faces": {
				"up": {"uv": [0, 7, 16, 16], "rotation": 180, "texture": "#texture"},
				"down": {"uv": [16, 7, 0, 16], "texture": "#texture"}
			}
		},
		{
			"name": "b4",
			"from": [-4.15432, -0.22417, -0.5],
			"to": [4.84568, -0.22317, 15.5],
			"shade": false,
			"rotation": {"angle": -22.5, "axis": "z", "origin": [8, 0, 8]},
			"faces": {
				"up": {"uv": [0, 7, 16, 16], "rotation": 270, "texture": "#texture"},
				"down": {"uv": [16, 7, 0, 16], "rotation": 270, "texture": "#texture"}
			}
		},
		{
			"name": "h1",
			"from": [0.5, 4.44, -12.3],
			"to": [16.5, 4.441, -3.3],
			"shade": false,
			"rotation": {"angle": 0, "axis": "x", "origin": [8, 4.5, -3.25]},
			"faces": {
				"up": {"uv": [0, 0, 16, 9], "texture": "#texture"},
				"down": {"uv": [16, 0, 0, 9], "rotation": 180, "texture": "#texture"}
			}
		},
		{
			"name": "h2",
			"from": [19.3, 4.44, 0.5],
			"to": [28.3, 4.441, 16.5],
			"shade": false,
			"rotation": {"angle": 0, "axis": "y", "origin": [19.25, 4.5, 8]},
			"faces": {
				"up": {"uv": [0, 0, 16, 9], "rotation": 90, "texture": "#texture"},
				"down": {"uv": [16, 0, 0, 9], "rotation": 90, "texture": "#texture"}
			}
		},
		{
			"name": "h3",
			"from": [-0.5, 4.44, 19.3],
			"to": [15.5, 4.441, 28.3],
			"shade": false,
			"rotation": {"angle": 0, "axis": "y", "origin": [8, 4.25, 19]},
			"faces": {
				"up": {"uv": [0, 0, 16, 9], "rotation": 180, "texture": "#texture"},
				"down": {"uv": [16, 0, 0, 9], "texture": "#texture"}
			}
		},
		{
			"name": "h4",
			"from": [-12.3, 4.44, -0.5],
			"to": [-3.3, 4.441, 15.5],
			"shade": false,
			"rotation": {"angle": 0, "axis": "y", "origin": [-3.25, 4.5, 8]},
			"faces": {
				"up": {"uv": [0, 0, 16, 9], "rotation": 270, "texture": "#texture"},
				"down": {"uv": [16, 0, 0, 9], "rotation": 270, "texture": "#texture"}
			}
		},
		{
			"name": "PlaneX20",
			"from": [14, 1, 2],
			"to": [14.001, 8, 18],
			"shade": false,
			"rotation": {"angle": -45, "axis": "y", "origin": [14, 1, 2]},
			"faces": {
				"east": {"uv": [0, 9, 16, 16], "texture": "#texture1"},
				"west": {"uv": [0, 9, 16, 16], "texture": "#texture1"}
			}
		},
		{
			"name": "PlaneX20",
			"from": [2, 1, 2],
			"to": [2.001, 8, 18],
			"shade": false,
			"rotation": {"angle": 45, "axis": "y", "origin": [2, 1, 2]},
			"faces": {
				"east": {"uv": [0, 9, 16, 16], "texture": "#texture1"},
				"west": {"uv": [0, 9, 16, 16], "texture": "#texture1"}
			}
		}
	],
	"groups": [
		{
			"name": "poppy",
			"origin": [8, 8, 8],
			"children": [0, 1, 2, 3, 4]
		},
		{
			"name": "smallpetals",
			"origin": [8, 8, 8],
			"children": [5, 6, 7, 8]
		},
		{
			"name": "bigpetals",
			"origin": [11, 1, 0.5],
			"children": [
				{
					"name": "body",
					"origin": [8, 8, 8],
					"children": [9, 10, 11, 12]
				},
				{
					"name": "head",
					"origin": [8, 8, 8],
					"children": [13, 14, 15, 16]
				}
			]
		},
		{
			"name": "bush",
			"origin": [8, 8, 8],
			"children": [17, 18]
		}
	]
}