{
  "multipart": [
    {
      "apply": {
        "model": "block/brewing_stand"
      }
    },
    {
      "when": {"has_bottle_0": "true"},
      "apply": [
        {"model": "block/brewing_stand/brewing_stand_bottle0/0"},
		{"model": "block/brewing_stand/brewing_stand_bottle0/1"},
		{"model": "block/brewing_stand/brewing_stand_bottle0/2"},
		{"model": "block/brewing_stand/brewing_stand_bottle0/3"},
		{"model": "block/brewing_stand/brewing_stand_bottle0/4"},
		{"model": "block/brewing_stand/brewing_stand_bottle0/5"},
		{"model": "block/brewing_stand/brewing_stand_bottle0/6"},
		{"model": "block/brewing_stand/brewing_stand_bottle0/7"},
		{"model": "block/brewing_stand/brewing_stand_bottle0/8"},
		{"model": "block/brewing_stand/brewing_stand_bottle0/9"},
		{"model": "block/brewing_stand/brewing_stand_bottle0/10"},
		{"model": "block/brewing_stand/brewing_stand_bottle0/11"},
		{"model": "block/brewing_stand/brewing_stand_bottle0/12"},
		{"model": "block/brewing_stand_bottle0"}
      ]
    },
    {
      "when": {"has_bottle_1": "true"},
      "apply": [
        {"model": "block/brewing_stand/brewing_stand_bottle1/0"},
		{"model": "block/brewing_stand/brewing_stand_bottle1/1"},
		{"model": "block/brewing_stand/brewing_stand_bottle1/2"},
		{"model": "block/brewing_stand/brewing_stand_bottle1/3"},
		{"model": "block/brewing_stand/brewing_stand_bottle1/4"},
		{"model": "block/brewing_stand/brewing_stand_bottle1/5"},
		{"model": "block/brewing_stand/brewing_stand_bottle1/6"},
		{"model": "block/brewing_stand/brewing_stand_bottle1/7"},
		{"model": "block/brewing_stand/brewing_stand_bottle1/8"},
		{"model": "block/brewing_stand/brewing_stand_bottle1/9"},
		{"model": "block/brewing_stand/brewing_stand_bottle1/10"},
		{"model": "block/brewing_stand/brewing_stand_bottle1/11"},
		{"model": "block/brewing_stand/brewing_stand_bottle1/12"},
        {"model": "block/brewing_stand_bottle1"}
      ]
    },
    {
      "when": {"has_bottle_2": "true"},
      "apply": [
        {"model": "block/brewing_stand/brewing_stand_bottle2/0"},
		{"model": "block/brewing_stand/brewing_stand_bottle2/1"},
		{"model": "block/brewing_stand/brewing_stand_bottle2/2"},
		{"model": "block/brewing_stand/brewing_stand_bottle2/3"},
		{"model": "block/brewing_stand/brewing_stand_bottle2/4"},
		{"model": "block/brewing_stand/brewing_stand_bottle2/5"},
		{"model": "block/brewing_stand/brewing_stand_bottle2/6"},
		{"model": "block/brewing_stand/brewing_stand_bottle2/7"},
		{"model": "block/brewing_stand/brewing_stand_bottle2/8"},
		{"model": "block/brewing_stand/brewing_stand_bottle2/9"},
		{"model": "block/brewing_stand/brewing_stand_bottle2/10"},
		{"model": "block/brewing_stand/brewing_stand_bottle2/11"},
		{"model": "block/brewing_stand/brewing_stand_bottle2/12"},
        {"model": "block/brewing_stand_bottle2"}
      ]
    },
    {
      "when": {"has_bottle_0": "false"},
      "apply": [
        {"model": "block/brewing_stand_empty0"}
      ]
    },
    {
      "when": {"has_bottle_1": "false"},
      "apply": [
        {"model": "block/brewing_stand_empty1"}
      ]
    },
    {
      "when": {"has_bottle_2": "false"},
      "apply": [
        {"model": "block/brewing_stand_empty2"}
      ]
    }
  ]
}