{
    "variants": {
        "bites=0": [
            { "model": "block/cake" },
            { "model": "block/cake/cake_uneaten/0" },
            { "model": "block/cake/cake_uneaten/1" },
            { "model": "block/cake/cake_uneaten/2" }
        ],
        "bites=1": [
            { "model": "block/cake_slice1" },
            { "model": "block/cake/cake_slice1/0" },
            { "model": "block/cake/cake_slice1/1" },
            { "model": "block/cake/cake_slice1/2" }
        ],
        "bites=2": [
            { "model": "block/cake_slice2" },
            { "model": "block/cake/cake_slice2/0" },
            { "model": "block/cake/cake_slice2/1" },
            { "model": "block/cake/cake_slice2/2" }
        ],
        "bites=3": [
            { "model": "block/cake_slice3" },
            { "model": "block/cake/cake_slice3/0" },
            { "model": "block/cake/cake_slice3/1" },
            { "model": "block/cake/cake_slice3/2" }
        ],
        "bites=4": [
            { "model": "block/cake_slice4" },
            { "model": "block/cake/cake_slice4/0" },
            { "model": "block/cake/cake_slice4/1" },
            { "model": "block/cake/cake_slice4/2" }
        ],
        "bites=5": [
            { "model": "block/cake_slice5" },
            { "model": "block/cake/cake_slice5/0" },
            { "model": "block/cake/cake_slice5/1" },
            { "model": "block/cake/cake_slice5/2" }
        ],
        "bites=6": [
            { "model": "block/cake_slice6" },
            { "model": "block/cake/cake_slice6/0" },
            { "model": "block/cake/cake_slice6/1" },
            { "model": "block/cake/cake_slice6/2" }
        ]
    }
}
