{
  "variants": {
    "lit=false": [
		{ "model": "block/light_gray_candle_cake" },
		{ "model": "block/candle_cake/light_gray_candle_cake/0" },
		{ "model": "block/candle_cake/light_gray_candle_cake/1" },
		{ "model": "block/candle_cake/light_gray_candle_cake/2" }
    ],
    "lit=true": [
		{ "model": "block/light_gray_candle_cake_lit" },
		{ "model": "block/candle_cake/light_gray_candle_cake_lit/0" },
		{ "model": "block/candle_cake/light_gray_candle_cake_lit/1" },
		{ "model": "block/candle_cake/light_gray_candle_cake_lit/2" }
    ]
  }
}