{
  "multipart": [
    {
      "when": { "OR": [
		{"up": "false"},
		{"down": "false"}
      ]},
	  "apply": { "model": "minecraft:block/chorus/plant/center" }
    },
	{
      "when": {"north": "true"},
      "apply": [
		{ "model": "minecraft:block/chorus/plant/stem", "x": 90, "y": 180 },
		{ "model": "minecraft:block/chorus/plant/stem_2", "x": 90, "y": 180 },
		{ "model": "minecraft:block/chorus/plant/stem_3", "x": 90, "y": 180 },
		{ "model": "minecraft:block/chorus/plant/stem_4", "x": 90, "y": 180 }
	  ]
    },
    {
      "when": { "east": "true" },
      "apply": [
		{ "model": "minecraft:block/chorus/plant/stem", "x": 90, "y": 270 },
		{ "model": "minecraft:block/chorus/plant/stem_2", "x": 90, "y": 270 },
		{ "model": "minecraft:block/chorus/plant/stem_3", "x": 90, "y": 270 },
		{ "model": "minecraft:block/chorus/plant/stem_4", "x": 90, "y": 270 }
	  ]
    },
    {
      "when": { "south": "true" },
      "apply": [
		{ "model": "minecraft:block/chorus/plant/stem", "x": 90 },
		{ "model": "minecraft:block/chorus/plant/stem_2", "x": 90 },
		{ "model": "minecraft:block/chorus/plant/stem_3", "x": 90 },
		{ "model": "minecraft:block/chorus/plant/stem_4", "x": 90 }
	  ]
    },
    {
      "when": { "west": "true" },
      "apply": [
		{ "model": "minecraft:block/chorus/plant/stem", "x": 90, "y": 90 },
		{ "model": "minecraft:block/chorus/plant/stem_2", "x": 90, "y": 90 },
		{ "model": "minecraft:block/chorus/plant/stem_3", "x": 90, "y": 90 },
		{ "model": "minecraft:block/chorus/plant/stem_4", "x": 90, "y": 90 }
	  ]
    },
    {
      "when": { "up": "true" },
      "apply": [
		{ "model": "minecraft:block/chorus/plant/stem", "x": 180 },
		{ "model": "minecraft:block/chorus/plant/stem_2", "x": 180 },
		{ "model": "minecraft:block/chorus/plant/stem_3", "x": 180 },
		{ "model": "minecraft:block/chorus/plant/stem_4", "x": 180 }
	  ]
    },
    {
      "when": { "down": "true" },
      "apply": [
		{ "model": "minecraft:block/chorus/plant/stem" },
		{ "model": "minecraft:block/chorus/plant/stem_2" },
		{ "model": "minecraft:block/chorus/plant/stem_3" },
		{ "model": "minecraft:block/chorus/plant/stem_4" }
	]
    }
  ]
}