{
  "athena:loader": "athena:pane_ctm",
  "ctm_textures": {
    "center": "minecraft:block/glass/purple_stained_glass/center",
    "empty": "minecraft:block/glass/purple_stained_glass/empty",
    "horizontal": "minecraft:block/glass/purple_stained_glass/horizontal",
    "particle": "minecraft:block/glass/purple_stained_glass/particle",
    "vertical": "minecraft:block/glass/purple_stained_glass/vertical"
  },
  "multipart": [
    {
      "apply": {
        "model": "minecraft:block/purple_stained_glass_pane_post"
      }
    },
    {
      "apply": {
        "model": "minecraft:block/purple_stained_glass_pane_side"
      },
      "when": {
        "north": "true"
      }
    },
    {
      "apply": {
        "model": "minecraft:block/purple_stained_glass_pane_side",
        "y": 90
      },
      "when": {
        "east": "true"
      }
    },
    {
      "apply": {
        "model": "minecraft:block/purple_stained_glass_pane_side_alt"
      },
      "when": {
        "south": "true"
      }
    },
    {
      "apply": {
        "model": "minecraft:block/purple_stained_glass_pane_side_alt",
        "y": 90
      },
      "when": {
        "west": "true"
      }
    },
    {
      "apply": {
        "model": "minecraft:block/purple_stained_glass_pane_noside"
      },
      "when": {
        "north": "false"
      }
    },
    {
      "apply": {
        "model": "minecraft:block/purple_stained_glass_pane_noside_alt"
      },
      "when": {
        "east": "false"
      }
    },
    {
      "apply": {
        "model": "minecraft:block/purple_stained_glass_pane_noside_alt",
        "y": 90
      },
      "when": {
        "south": "false"
      }
    },
    {
      "apply": {
        "model": "minecraft:block/purple_stained_glass_pane_noside",
        "y": 270
      },
      "when": {
        "west": "false"
      }
    }
  ]
}