{"multipart":[{"apply":{"model":"brewing_stand"}},{"when":{"OR":[{"has_bottle_0":"true"},{"has_bottle_1":"true"},{"has_bottle_2":"true"}]},"apply":{"model":"brewing_stand_bottle_any"}},{"when":{"has_bottle_0":"true"},"apply":{"model":"brewing_stand_bottle0"}},{"when":{"has_bottle_1":"true"},"apply":{"model":"brewing_stand_bottle1"}},{"when":{"has_bottle_2":"true"},"apply":{"model":"brewing_stand_bottle2"}},{"when":{"has_bottle_0":"false"},"apply":{"model":"brewing_stand_empty0"}},{"when":{"has_bottle_1":"false"},"apply":{"model":"brewing_stand_empty1"}},{"when":{"has_bottle_2":"false"},"apply":{"model":"brewing_stand_empty2"}}]}