{"textures":{"particle":"blocks/brewing_stand","stand":"blocks/brewing_stand"},"elements":[{"from":[6,8,6],"to":[10,9,10],"faces":{"down":{"uv":[4,8,8,12],"texture":"#stand"},"up":{"uv":[4,12,8,16],"texture":"#stand"},"north":{"uv":[0,1.5,4,2.5],"texture":"#stand"},"south":{"uv":[0,1.5,4,2.5],"texture":"#stand"},"west":{"uv":[0,1.5,4,2.5],"texture":"#stand"},"east":{"uv":[0,1.5,4,2.5],"texture":"#stand"}}},{"from":[6.5,0,6.5],"to":[9.5,1,9.5],"faces":{"down":{"uv":[4.5,12.5,7.5,15.5],"texture":"#stand"},"up":{"uv":[4.5,8.5,7.5,11.5],"texture":"#stand"},"north":{"uv":[1,2.5,4,3.5],"texture":"#stand"},"south":{"uv":[1,2.5,4,3.5],"texture":"#stand"},"west":{"uv":[1,2.5,4,3.5],"texture":"#stand"},"east":{"uv":[1,2.5,4,3.5],"texture":"#stand"}}},{"from":[7.5,1.5,7.5],"to":[8.5,7.5,8.5],"shade":false,"faces":{"down":{"uv":[1,3.5,2,4.5],"texture":"#stand"},"up":{"uv":[1,3.5,2,4.5],"texture":"#stand"},"north":{"uv":[1,3.5,2,9.5],"texture":"#stand"},"south":{"uv":[1,3.5,2,9.5],"texture":"#stand"},"west":{"uv":[1,3.5,2,9.5],"texture":"#stand"},"east":{"uv":[1,3.5,2,9.5],"texture":"#stand"}}},{"from":[6.5,1,6.5],"to":[7,8,7],"faces":{"north":{"uv":[0,2.5,0.5,9.5],"texture":"#stand"},"south":{"uv":[0.5,2.5,1,9.5],"texture":"#stand"},"west":{"uv":[0,2.5,0.5,9.5],"texture":"#stand"},"east":{"uv":[0.5,2.5,1,9.5],"texture":"#stand"}}},{"from":[6.5,1,9],"to":[7,8,9.5],"faces":{"north":{"uv":[0.5,2.5,1,9.5],"texture":"#stand"},"south":{"uv":[0,2.5,0.5,9.5],"texture":"#stand"},"west":{"uv":[0,2.5,0.5,9.5],"texture":"#stand"},"east":{"uv":[0.5,2.5,1,9.5],"texture":"#stand"}}},{"from":[9,1,9],"to":[9.5,8,9.5],"faces":{"north":{"uv":[0.5,2.5,1,9.5],"texture":"#stand"},"south":{"uv":[0,2.5,0.5,9.5],"texture":"#stand"},"west":{"uv":[0.5,2.5,1,9.5],"texture":"#stand"},"east":{"uv":[0,2.5,0.5,9.5],"texture":"#stand"}}},{"from":[9,1,6.5],"to":[9.5,8,7],"faces":{"north":{"uv":[0,2.5,0.5,9.5],"texture":"#stand"},"south":{"uv":[0.5,2.5,1,9.5],"texture":"#stand"},"west":{"uv":[0.5,2.5,1,9.5],"texture":"#stand"},"east":{"uv":[0,2.5,0.5,9.5],"texture":"#stand"}}},{"from":[6.6,5.5,8],"to":[9.4,6.5,8],"rotation":{"origin":[8,8,8],"axis":"y","angle":45,"rescale":true},"shade":false,"faces":{"north":{"uv":[2,4,4,5],"texture":"#stand"},"south":{"uv":[2,4,4,5],"texture":"#stand"}}},{"from":[8,5.5,6.6],"to":[8,6.5,9.4],"rotation":{"origin":[8,8,8],"axis":"y","angle":45,"rescale":true},"shade":false,"faces":{"west":{"uv":[2,4,4,5],"texture":"#stand"},"east":{"uv":[2,4,4,5],"texture":"#stand"}}},{"from":[6.6,2.5,8],"to":[9.4,3.5,8],"rotation":{"origin":[8,8,8],"axis":"y","angle":45,"rescale":true},"shade":false,"faces":{"north":{"uv":[2,5,4,6],"texture":"#stand"},"south":{"uv":[2,5,4,6],"texture":"#stand"}}},{"from":[8,2.5,6.6],"to":[8,3.5,9.4],"rotation":{"origin":[8,8,8],"axis":"y","angle":45,"rescale":true},"shade":false,"faces":{"west":{"uv":[2,5,4,6],"texture":"#stand"},"east":{"uv":[2,5,4,6],"texture":"#stand"}}},{"from":[6.5,9,6.5],"to":[9.5,9.5,9.5],"faces":{"north":{"uv":[8.5,7,11.5,7.5],"texture":"#stand"},"south":{"uv":[8.5,7,11.5,7.5],"texture":"#stand"},"west":{"uv":[8.5,7,11.5,7.5],"texture":"#stand"},"east":{"uv":[8.5,7,11.5,7.5],"texture":"#stand"}}},{"from":[6,9.5,6],"to":[10,11.5,10],"faces":{"up":{"uv":[8,12,12,16],"texture":"#stand"},"down":{"uv":[8,12,12,16],"texture":"#stand"},"north":{"uv":[8,7.5,12,9.5],"texture":"#stand"},"south":{"uv":[8,7.5,12,9.5],"texture":"#stand"},"west":{"uv":[8,7.5,12,9.5],"texture":"#stand"},"east":{"uv":[8,7.5,12,9.5],"texture":"#stand"}}},{"from":[7,11.5,7],"to":[9,12,9],"faces":{"north":{"uv":[9,6,11,6.5],"texture":"#stand"},"south":{"uv":[9,6,11,6.5],"texture":"#stand"},"west":{"uv":[9,6,11,6.5],"texture":"#stand"},"east":{"uv":[9,6,11,6.5],"texture":"#stand"}}},{"from":[6.5,12,6.5],"to":[9.5,13,9.5],"faces":{"up":{"uv":[12,13,15,16],"texture":"#stand"},"north":{"uv":[8.5,6.5,11.5,7.5],"texture":"#stand"},"south":{"uv":[8.5,6.5,11.5,7.5],"texture":"#stand"},"west":{"uv":[8.5,6.5,11.5,7.5],"texture":"#stand"},"east":{"uv":[8.5,6.5,11.5,7.5],"texture":"#stand"}}},{"from":[7,12,7],"to":[9,13.5,9],"faces":{"up":{"uv":[2,6,4,8],"texture":"#stand"},"down":{"uv":[2,6,4,8],"texture":"#stand"},"north":{"uv":[2,8,4,9.5],"texture":"#stand"},"south":{"uv":[2,8,4,9.5],"texture":"#stand"},"west":{"uv":[2,8,4,9.5],"texture":"#stand"},"east":{"uv":[2,8,4,9.5],"texture":"#stand"}}},{"from":[6.5,9.5,6.5],"to":[9.5,10.5,9.5],"faces":{"up":{"uv":[2,3.5,2.5,4],"texture":"#stand"},"down":{"uv":[2,3.5,2.5,4],"texture":"#stand"},"north":{"uv":[2,3.5,2.5,4],"texture":"#stand"},"south":{"uv":[2,3.5,2.5,4],"texture":"#stand"},"west":{"uv":[2,3.5,2.5,4],"texture":"#stand"},"east":{"uv":[2,3.5,2.5,4],"texture":"#stand"}}}]}