{
"__comment": "Designed by Handsomedan with BDcraft Cubik PRO 0.93 Beta - http://bdcraft.net",
"textures": {
    "particle": "blocks/dark_prismarine_side",
    "bottom": "blocks/dark_prismarine_bottom",
    "side": "blocks/dark_prismarine_side",
    "top": "blocks/dark_prismarine_top"
},
"elements": [ 
{
    "from": [ 0, 0, 0 ],
    "to": [ 16, 16, 16 ],
    "faces": {
        "down":  { "uv": [ 16, 16, 0, 0 ], "texture": "#bottom" },
        "up":    { "uv": [ 0, 0, 16, 16 ], "texture": "#top" },
        "north": { "uv": [ 0, 0, 16, 16 ], "texture": "#side" },
        "south": { "uv": [ 0, 0, 16, 16 ], "texture": "#side" },
        "west":  { "uv": [ 0, 0, 16, 16 ], "texture": "#side" },
        "east":  { "uv": [ 0, 0, 16, 16 ], "texture": "#side" }
    }
}
],
"display": {
    "thirdperson_righthand": {
        "rotation": [ 75, -47, 180 ],
        "translation": [ 0, 2.46, 0 ],
        "scale": [ 0.37, 0.37, 0.37 ]
    },
    "thirdperson_lefthand": {
        "rotation": [ 75, -47, 180 ],
        "translation": [ 0, 2.46, 0 ],
        "scale": [ 0.37, 0.37, 0.37 ]
    },
    "head": {
        "rotation": [ 0, 0, 0 ],
        "translation": [ 0, 0, 0 ],
        "scale": [ 1, 1, 1 ]
    },
    "ground": {
        "rotation": [ 0, 0, 0 ],
        "translation": [ 0, 0, 0 ],
        "scale": [ 1, 1, 1 ]
    },
    "fixed": {
        "rotation": [ 0, 0, 0 ],
        "translation": [ 0, 0, 0 ],
        "scale": [ 1, 1, 1 ]
    },
    "firstperson_righthand": {
        "rotation": [ 0, 0, 11 ],
        "translation": [ -0.9, 0.9, 0 ],
        "scale": [ 0.4, 0.4, 0.4 ]
    },
    "firstperson_lefthand": {
        "rotation": [ 0, 0, 11 ],
        "translation": [ 3.8, 0.9, 0 ],
        "scale": [ 0.4, 0.4, 0.4 ]
    },
    "gui": {
        "rotation": [ 25, 135, 0 ],
        "translation": [ 0, 0, 0 ],
        "scale": [ 0.6, 0.65, 0.65 ]
    }
}
}