{
	"__comment": "Designed by Burninte",
	"textures": {
		"top": "blocks/reeds_top",
		"texture": "blocks/reeds",
		"particle": "blocks/reeds"
	},
	"elements": [ 	 
		{
			"__comment": "Cube 1",
			"from": [ 1, -3, 7.5 ],
			"to": [ 2.5, 13, 9 ],
			"faces": {
				"down": { "uv": [ 0.5, 0, 2, 1.5 ], "texture": "#top" },
				"up": { "uv": [ 0.5, 0, 2, 1.5 ], "texture": "#top" },
				"north": { "uv": [ 2, 0, 0.5, 16 ], "texture": "#texture" },
				"south": { "uv": [ 0.5, 0, 2, 16 ], "texture": "#texture" },
				"west": { "uv": [ 0.5, 0, 2, 16 ], "texture": "#texture" },
				"east": { "uv": [ 0.5, 0, 2, 16 ], "texture": "#texture" }
			}
		},
		{
			"__comment": "Cube 2",
			"from": [ 3, -1.5, 12 ],
			"to": [ 5, 14.5, 14 ],
			"faces": {
				"down": { "uv": [ 2.5, 0, 4.5, 2 ], "texture": "#top" },
				"up": { "uv": [ 2.5, 0, 4.5, 2 ], "texture": "#top" },
				"north": { "uv": [ 2.5, 0, 4.5, 16 ], "texture": "#texture" },
				"south": { "uv": [ 2.5, 0, 4.5, 16 ], "texture": "#texture" },
				"west": { "uv": [ 2.5, 0, 4.5, 16 ], "texture": "#texture" },
				"east": { "uv": [ 2.5, 0, 4.5, 16 ], "texture": "#texture" }
			}
		},
		{
			"__comment": "Cube 3",
			"from": [ 4, -2, 2 ],
			"to": [ 6, 14, 4 ],
			"faces": {
				"down": { "uv": [ 5, 0, 7, 2 ], "texture": "#top" },
				"up": { "uv": [ 5, 0, 7, 2 ], "texture": "#top" },
				"north": { "uv": [ 5, 0, 7, 16 ], "texture": "#texture" },
				"south": { "uv": [ 5, 0, 7, 16 ], "texture": "#texture" },
				"west": { "uv": [ 5, 0, 7, 16 ], "texture": "#texture" },
				"east": { "uv": [ 5, 0, 7, 16 ], "texture": "#texture" }
			}
		},
		{
			"__comment": "Cube 4",
			"from": [ 7, 0, 7 ],
			"to": [ 9, 16, 9 ],
			"faces": {
				"down": { "uv": [ 8.5, 0, 10.5, 2 ], "texture": "#top" },
				"up": { "uv": [ 8.5, 0, 10.5, 2 ], "texture": "#top" },
				"north": { "uv": [ 8.5, 0, 10.5, 16 ], "texture": "#texture" },
				"south": { "uv": [ 8.5, 0, 10.5, 16 ], "texture": "#texture" },
				"west": { "uv": [ 8.5, 0, 10.5, 16 ], "texture": "#texture" },
				"east": { "uv": [ 8.5, 0, 10.5, 16 ], "texture": "#texture" }
			}
		},
		{
			"__comment": "Cube 5",
			"from": [ 11, -1, 4 ],
			"to": [ 12.5, 15, 5.5 ],
			"faces": {
				"down": { "uv": [ 11.5, 0, 13, 1.5 ], "texture": "#top" },
				"up": { "uv": [ 11.5, 0, 13, 1.5 ], "texture": "#top" },
				"north": { "uv": [ 11.5, 0, 13, 16 ], "texture": "#texture" },
				"south": { "uv": [ 11.5, 0, 13, 16 ], "texture": "#texture" },
				"west": { "uv": [ 11.5, 0, 13, 16 ], "texture": "#texture" },
				"east": { "uv": [ 11.5, 0, 13, 16 ], "texture": "#texture" }
			}
		},
		{
			"__comment": "Cube 6",
			"from": [ 12, -2.5, 10 ],
			"to": [ 14, 13.5, 12 ],
			"faces": {
				"down": { "uv": [ 13.5, 0, 15.5, 2 ], "texture": "#top" },
				"up": { "uv": [ 13.5, 0, 15.5, 2 ], "texture": "#top" },
				"north": { "uv": [ 13.5, 0, 15.5, 16 ], "texture": "#texture" },
				"south": { "uv": [ 13.5, 0, 15.5, 16 ], "texture": "#texture" },
				"west": { "uv": [ 13.5, 0, 15.5, 16 ], "texture": "#texture" },
				"east": { "uv": [ 13.5, 0, 15.5, 16 ], "texture": "#texture" }
			}
		}
	]
}