{
    "ambientocclusion": false,
    "textures": {
        "particle": "blocks/waterlily",
        "pads": "blocks/waterlily_pads_with_flower",
        "flower": "blocks/waterlily_flower_red"
    },
    "elements": [
        {   "from": [ 0, 0.25, 0 ],
            "to": [ 16, 0.25, 16 ],
            "faces": {
                "down":  { "uv": [ 16, 16, 0,  0 ], "texture": "#pads", "tintindex": 0 },
                "up":    { "uv": [ 16,  0, 0, 16 ], "texture": "#pads", "tintindex": 0 }
            }
        },
        {   "from": [ 4.25, 0.4, 6.75 ],
            "to": [ 3.25, 1.4, 5.75 ],
            "faces": {
                "up":    { "uv": [ 11, 11, 13, 13 ], "texture": "#flower" },
                "north": { "uv": [ 11, 11, 13, 13 ], "texture": "#flower" },
                "south": { "uv": [ 11, 11, 13, 13 ], "texture": "#flower" },
                "east":  { "uv": [ 11, 11, 13, 13 ], "texture": "#flower" },
                "west":  { "uv": [ 11, 11, 13, 13 ], "texture": "#flower" }
            }
        },
        {   "from": [ 5.5, 0.4, 8 ],
            "to": [ 2, 2.4, 4.5 ],
            "faces": {
                "north": { "uv": [ 0,  4, 8,  8  ], "texture": "#flower" },
                "south": { "uv": [ 0,  4, 8,  8  ], "texture": "#flower" },
                "east":  { "uv": [ 0,  4, 8,  8  ], "texture": "#flower" },
                "west":  { "uv": [ 0,  4, 8,  8  ], "texture": "#flower" }
            }
        },
        {   "from": [ 2, 2.4, 4.5 ],
            "to": [ 5.5, 0.4, 8 ],
            "faces": {
                "up":    { "uv": [ 0,  8, 8, 16 ], "texture": "#flower" },
                "north": { "uv": [ 0,  4, 8, 8  ], "texture": "#flower", "rotation": 180 },
                "south": { "uv": [ 0,  4, 8, 8  ], "texture": "#flower", "rotation": 180 },
                "east":  { "uv": [ 0,  4, 8, 8  ], "texture": "#flower", "rotation": 180 },
                "west":  { "uv": [ 0,  4, 8, 8  ], "texture": "#flower", "rotation": 180 }
            }
        },
        {   "from": [ 5, 0.4, 7.5 ],
            "to": [ 2.5, 2.9, 5 ],
            "faces": {
                "north": { "uv": [ 0,  4, 8,  8  ], "texture": "#flower" },
                "south": { "uv": [ 0,  4, 8,  8  ], "texture": "#flower" },
                "east":  { "uv": [ 0,  4, 8,  8  ], "texture": "#flower" },
                "west":  { "uv": [ 0,  4, 8,  8  ], "texture": "#flower" }
            }
        },
        {   "from": [ 2.5, 2.9, 5 ],
            "to": [ 5, 0.4, 7.5 ],
            "faces": {
                "north": { "uv": [ 0,  3, 8, 8  ], "texture": "#flower", "rotation": 180 },
                "south": { "uv": [ 0,  3, 8, 8  ], "texture": "#flower", "rotation": 180 },
                "east":  { "uv": [ 0,  3, 8, 8  ], "texture": "#flower", "rotation": 180 },
                "west":  { "uv": [ 0,  3, 8, 8  ], "texture": "#flower", "rotation": 180 }
            }
        }
    ]
}
