{
	"credit": "Modified By AlleCraft",
	"textures": {
		"0": "supplementaries:blocks/jar_side",
		"1": "supplementaries:blocks/jar_top",
		"2": "supplementaries:blocks/jar_cork",
		"3": "supplementaries:blocks/jar_bottom",
		"particle": "supplementaries:blocks/jar_side"
	},
	"elements": [
		{
			"from": [3, 0, 3],
			"to": [13, 14, 13],
			"rotation": {"angle": 0, "axis": "y", "origin": [11, 8, 11]},
			"faces": {
				"north": {"uv": [3, 2, 13, 16], "texture": "#0"},
				"east": {"uv": [3, 2, 13, 16], "texture": "#0"},
				"south": {"uv": [3, 2, 13, 16], "texture": "#0"},
				"west": {"uv": [3, 2, 13, 16], "texture": "#0"},
				"up": {"uv": [3, 3, 13, 13], "texture": "#1"},
				"down": {"uv": [3, 3, 13, 13], "texture": "#3"}
			}
		},
		{
			"from": [5, 14, 5],
			"to": [11, 16, 11],
			"rotation": {"angle": 0, "axis": "y", "origin": [18, 22, 13]},
			"faces": {
				"north": {"uv": [5, 11, 11, 13], "texture": "#2"},
				"east": {"uv": [5, 11, 11, 13], "texture": "#2"},
				"south": {"uv": [5, 11, 11, 13], "texture": "#2"},
				"west": {"uv": [5, 11, 11, 13], "texture": "#2"},
				"up": {"uv": [5, 5, 11, 11], "texture": "#2"},
				"down": {"uv": [5, 5, 11, 11], "texture": "#2"}
			}
		}
	]
}