{
	"credit": "Made with Blockbench",
	"parent": "minecraft:block/cube_all",
	"textures": {
		"0": "supplementaries:blocks/jar_side",
		"1": "supplementaries:blocks/jar_top",
		"2": "supplementaries:blocks/jar_cork",
		"3": "supplementaries:blocks/jar_bottom",
		"4": "supplementaries:block/water_still",
		"9": "supplementaries:blocks/jar_boat_base",
		"particle": "supplementaries:blocks/jar_side"
	},
	"elements": [
		{
			"from": [0, 2, 3],
			"to": [14, 12, 13],
			"rotation": {"angle": 0, "axis": "y", "origin": [8, 5, 8]},
			"faces": {
				"north": {"uv": [3, 2, 13, 16], "rotation": 270, "texture": "#0"},
				"east": {"uv": [3, 3, 13, 13], "rotation": 90, "texture": "#1"},
				"south": {"uv": [3, 2, 13, 16], "rotation": 90, "texture": "#0"},
				"west": {"uv": [3, 3, 13, 13], "rotation": 90, "texture": "#3"},
				"up": {"uv": [3, 2, 13, 16], "rotation": 90, "texture": "#0"},
				"down": {"uv": [3, 2, 13, 16], "rotation": 90, "texture": "#0"}
			}
		},
		{
			"from": [14, 4, 5],
			"to": [16, 10, 11],
			"rotation": {"angle": 0, "axis": "y", "origin": [8, 5, 8]},
			"faces": {
				"north": {"uv": [5, 11, 11, 13], "rotation": 270, "texture": "#2"},
				"east": {"uv": [5, 5, 11, 11], "rotation": 90, "texture": "#2"},
				"south": {"uv": [5, 11, 11, 13], "rotation": 270, "texture": "#2"},
				"west": {"uv": [5, 5, 11, 11], "rotation": 90, "texture": "#2"},
				"up": {"uv": [5, 11, 11, 13], "rotation": 270, "texture": "#2"},
				"down": {"uv": [5, 11, 11, 13], "rotation": 270, "texture": "#2"}
			}
		},
		{
			"from": [1, 3, 4],
			"to": [13, 5, 12],
			"rotation": {"angle": 0, "axis": "y", "origin": [9, 9, 12]},
			"faces": {
				"north": {"uv": [2, 0, 14, 2], "texture": "#4", "tintindex": 0},
				"east": {"uv": [4, 0, 12, 2], "texture": "#4", "tintindex": 0},
				"south": {"uv": [2, 0, 14, 2], "texture": "#4", "tintindex": 0},
				"west": {"uv": [4, 0, 12, 2], "texture": "#4", "tintindex": 0},
				"up": {"uv": [2, 4, 14, 12], "texture": "#4", "tintindex": 0},
				"down": {"uv": [2, 4, 14, 12], "texture": "#4", "tintindex": 0}
			}
		},
		{
			"from": [1, 2, 13],
			"to": [2, 3, 14],
			"faces": {
				"north": {"uv": [11, 14, 12, 15], "texture": "#9"},
				"east": {"uv": [11, 14, 12, 15], "texture": "#9"},
				"south": {"uv": [11, 14, 12, 15], "texture": "#9"},
				"west": {"uv": [11, 14, 12, 15], "texture": "#9"},
				"up": {"uv": [11, 14, 12, 15], "texture": "#9"}
			}
		},
		{
			"from": [1, 2, 2],
			"to": [2, 3, 3],
			"faces": {
				"north": {"uv": [0, 14, 1, 15], "texture": "#9"},
				"east": {"uv": [0, 14, 1, 15], "texture": "#9"},
				"south": {"uv": [0, 14, 1, 15], "texture": "#9"},
				"west": {"uv": [0, 14, 1, 15], "texture": "#9"},
				"up": {"uv": [0, 14, 1, 15], "texture": "#9"}
			}
		},
		{
			"from": [1, 1, 2],
			"to": [2, 2, 14],
			"faces": {
				"north": {"uv": [0, 15, 1, 16], "texture": "#9"},
				"east": {"uv": [0, 15, 12, 16], "texture": "#9"},
				"south": {"uv": [11, 15, 12, 16], "texture": "#9"},
				"west": {"uv": [0, 15, 12, 16], "texture": "#9"},
				"up": {"uv": [0, 0, 1, 12], "texture": "#9"},
				"down": {"uv": [0, 0, 1, 12], "texture": "#9"}
			}
		},
		{
			"from": [0, 0, 3],
			"to": [16, 1, 13],
			"faces": {
				"north": {"uv": [0, 0, 16, 1], "texture": "#9"},
				"east": {"uv": [3, 0, 13, 1], "texture": "#9"},
				"south": {"uv": [0, 0, 16, 1], "texture": "#9"},
				"west": {"uv": [3, 0, 13, 1], "texture": "#9"},
				"up": {"uv": [0, 0, 16, 10], "texture": "#9"},
				"down": {"uv": [0, 0, 16, 10], "texture": "#9"}
			}
		},
		{
			"from": [14, 1, 6],
			"to": [15, 3, 10],
			"faces": {
				"north": {"uv": [2, 12, 3, 14], "texture": "#9"},
				"east": {"uv": [2, 12, 6, 14], "texture": "#9"},
				"south": {"uv": [2, 12, 3, 14], "texture": "#9"},
				"west": {"uv": [2, 12, 6, 14], "texture": "#9"}
			}
		},
		{
			"from": [14, 3, 4],
			"to": [15, 5, 12],
			"faces": {
				"north": {"uv": [7, 10, 8, 12], "texture": "#9"},
				"east": {"uv": [0, 10, 8, 12], "texture": "#9"},
				"south": {"uv": [0, 10, 1, 12], "texture": "#9"},
				"west": {"uv": [0, 10, 8, 12], "texture": "#9"},
				"up": {"uv": [0, 10, 8, 11], "rotation": 90, "texture": "#9"},
				"down": {"uv": [0, 11, 8, 12], "rotation": 270, "texture": "#9"}
			}
		},
		{
			"name": "goldthingy",
			"from": [6, 0, 2],
			"to": [10, 2, 3],
			"faces": {
				"north": {"uv": [12, 10, 16, 12], "texture": "#9"},
				"east": {"uv": [15, 10, 16, 12], "texture": "#9"},
				"south": {"uv": [12, 10, 16, 12], "texture": "#9"},
				"west": {"uv": [12, 10, 13, 12], "texture": "#9"},
				"up": {"uv": [12, 10, 16, 11], "texture": "#9"},
				"down": {"uv": [12, 11, 16, 12], "texture": "#9"}
			}
		}
	],
	"groups": [
		{
			"name": "jar",
			"origin": [9, 10, 12],
			"color": 0,
			"children": [0, 1, 2]
		},
		{
			"name": "stand",
			"origin": [0, 0, 0],
			"color": 0,
			"children": [3, 4, 5, 6, 7, 8]
		},
		9
	]
}