{
	"credit": "Made with Blockbench",
	"textures": {
		"0": "supplementaries:blocks/jar_side",
		"1": "supplementaries:blocks/jar_top",
		"2": "supplementaries:blocks/jar_cork",
		"3": "supplementaries:blocks/jar_bottom",
		"4": "supplementaries:block/water_still",
		"5": "supplementaries:blocks/jar_boat",
		"particle": "supplementaries:blocks/jar_side"
	},
	"elements": [
		{
			"from": [9.5, 4, 6.5],
			"to": [10.5, 5, 9.5],
			"rotation": {"angle": 0, "axis": "y", "origin": [22.5, 12, 16.5]},
			"faces": {
				"north": {"uv": [0, 0, 1, 1], "texture": "#5"},
				"east": {"uv": [8, 0, 11, 1], "texture": "#5"},
				"south": {"uv": [0, 0, 1, 1], "texture": "#5"},
				"west": {"uv": [8, 0, 11, 1], "texture": "#5"},
				"up": {"uv": [0, 3, 1, 6], "texture": "#5"},
				"down": {"uv": [0, 0, 1, 3], "texture": "#5"}
			}
		},
		{
			"from": [3.5, 4, 6.5],
			"to": [4.5, 5, 9.5],
			"rotation": {"angle": 0, "axis": "y", "origin": [16.5, 12, 16.5]},
			"faces": {
				"east": {"uv": [8, 0, 11, 1], "texture": "#5"},
				"west": {"uv": [8, 0, 11, 1], "texture": "#5"},
				"up": {"uv": [6, 3, 7, 6], "texture": "#5"},
				"down": {"uv": [0, 0, 1, 3], "texture": "#5"}
			}
		},
		{
			"from": [3.5, 4, 9.5],
			"to": [10.5, 5, 10.5],
			"rotation": {"angle": 0, "axis": "y", "origin": [17.5, 12, 17.5]},
			"faces": {
				"north": {"uv": [0, 0, 7, 1], "texture": "#5"},
				"east": {"uv": [7, 0, 8, 1], "texture": "#5"},
				"south": {"uv": [0, 0, 7, 1], "texture": "#5"},
				"west": {"uv": [11, 0, 12, 1], "texture": "#5"},
				"up": {"uv": [0, 2, 7, 3], "texture": "#5"},
				"down": {"uv": [0, 0, 7, 1], "texture": "#5"}
			}
		},
		{
			"from": [3.5, 4, 5.5],
			"to": [10.5, 5, 6.5],
			"rotation": {"angle": 0, "axis": "y", "origin": [17.5, 12, 13.5]},
			"faces": {
				"north": {"uv": [0, 0, 7, 1], "texture": "#5"},
				"east": {"uv": [11, 0, 12, 1], "texture": "#5"},
				"south": {"uv": [0, 0, 7, 1], "texture": "#5"},
				"west": {"uv": [7, 0, 8, 1], "texture": "#5"},
				"up": {"uv": [0, 6, 7, 7], "texture": "#5"},
				"down": {"uv": [0, 0, 7, 1], "texture": "#5"}
			}
		},
		{
			"from": [3.5, 3, 5.5],
			"to": [10.5, 4, 10.5],
			"rotation": {"angle": 0, "axis": "y", "origin": [17.5, 11, 14.5]},
			"faces": {
				"north": {"uv": [0, 1, 7, 2], "texture": "#5"},
				"east": {"uv": [7, 1, 12, 2], "texture": "#5"},
				"south": {"uv": [0, 1, 7, 2], "texture": "#5"},
				"west": {"uv": [7, 1, 12, 2], "texture": "#5"},
				"up": {"uv": [0, 2, 7, 7], "texture": "#5"},
				"down": {"uv": [7, 2, 14, 7], "texture": "#5"}
			}
		},
		{
			"from": [0, 0, 3],
			"to": [14, 10, 13],
			"rotation": {"angle": 0, "axis": "z", "origin": [8, 5, 8]},
			"faces": {
				"north": {"uv": [3, 2, 13, 16], "rotation": 270, "texture": "#0"},
				"east": {"uv": [3, 3, 13, 13], "rotation": 90, "texture": "#1"},
				"south": {"uv": [3, 2, 13, 16], "rotation": 90, "texture": "#0"},
				"west": {"uv": [3, 3, 13, 13], "rotation": 90, "texture": "#3"},
				"up": {"uv": [3, 2, 13, 16], "rotation": 90, "texture": "#0"},
				"down": {"uv": [3, 2, 13, 16], "rotation": 90, "texture": "#0"}
			}
		},
		{
			"from": [14, 2, 5],
			"to": [16, 8, 11],
			"rotation": {"angle": 0, "axis": "z", "origin": [8, 5, 8]},
			"faces": {
				"north": {"uv": [5, 11, 11, 13], "rotation": 90, "texture": "#2"},
				"east": {"uv": [5, 5, 11, 11], "rotation": 90, "texture": "#2"},
				"south": {"uv": [5, 11, 11, 13], "rotation": 90, "texture": "#2"},
				"west": {"uv": [5, 5, 11, 11], "rotation": 90, "texture": "#2"},
				"up": {"uv": [5, 11, 11, 13], "rotation": 90, "texture": "#2"},
				"down": {"uv": [5, 11, 11, 13], "rotation": 90, "texture": "#2"}
			}
		},
		{
			"from": [1, 1, 4],
			"to": [13, 3, 12],
			"rotation": {"angle": 0, "axis": "y", "origin": [9, 9, 12]},
			"faces": {
				"north": {"uv": [2, 0, 14, 2], "texture": "#4", "tintindex": 0},
				"east": {"uv": [4, 0, 12, 2], "texture": "#4", "tintindex": 0},
				"south": {"uv": [2, 0, 14, 2], "texture": "#4", "tintindex": 0},
				"west": {"uv": [4, 0, 12, 2], "texture": "#4", "tintindex": 0},
				"up": {"uv": [2, 4, 14, 12], "texture": "#4", "tintindex": 0},
				"down": {"uv": [2, 4, 14, 12], "texture": "#4", "tintindex": 0}
			}
		}
	],
	"groups": [
		{
			"name": "group",
			"origin": [17, 12, 14],
			"color": 0,
			"children": [0, 1, 2, 3]
		},
		{
			"name": "group",
			"origin": [9, 10, 12],
			"color": 0,
			"children": [4, 5, 6, 7]
		}
	]
}