{
	"credit": "Made with Blockbench",
	"parent": "minecraft:block/cube_all",
	"textures": {
		"2": "supplementaries:blocks/jar_tinted_cork"
	},
	"elements": [
		{
			"from": [5, 14, 5],
			"to": [11, 16, 11],
			"rotation": {"angle": 0, "axis": "y", "origin": [18, 22, 13]},
			"faces": {
				"north": {"uv": [5, 11, 11, 13], "texture": "#2"},
				"east": {"uv": [5, 11, 11, 13], "texture": "#2"},
				"south": {"uv": [5, 11, 11, 13], "texture": "#2"},
				"west": {"uv": [5, 11, 11, 13], "texture": "#2"},
				"up": {"uv": [5, 5, 11, 11], "texture": "#2"},
				"down": {"uv": [5, 5, 11, 11], "texture": "#2"}
			}
		}
	]
}