{
	"__comment": "Designed by Paulevs with Cubik Studio - https://cubik.studio | adapted by DevDyna",
	"textures": {
		"particle": "minecraft:block/chorus_plant",
		"texture": "minecraft:block/chorus_plant",
		"needles": "minecraft:block/chorus_plant_needles"
	},
	"elements": [ 	 
		{
			"__comment": "Box1",
			"from": [ 5, 0, 5 ],
			"to": [ 11, 8, 11 ],
			"faces": {
				"down": { "uv": [ 5, 5, 11, 11 ], "texture": "#texture" },
				"up": { "uv": [ 5, 5, 11, 11 ], "texture": "#texture" },
				"north": { "uv": [ 5, 8, 11, 16 ], "texture": "#texture" },
				"south": { "uv": [ 5, 8, 11, 16 ], "texture": "#texture" },
				"west": { "uv": [ 5, 8, 11, 16 ], "texture": "#texture" },
				"east": { "uv": [ 5, 8, 11, 16 ], "texture": "#texture" }
			}
		},
		{
			"__comment": "PlaneX2",
			"from": [ 0, 0, 0 ],
			"to": [ 0.001, 8, 22.5 ],
			"rotation": { "origin": [ 0, 0, 0 ], "axis": "y", "angle": 45 },
			"shade": false,
			"faces": {
				"west": { "uv": [ 0, 0, 16, 8 ], "texture": "#needles" },
				"east": { "uv": [ 0, 0, 16, 8 ], "texture": "#needles" }
			}
		},
		{
			"__comment": "PlaneX2",
			"from": [ 16, 0, 0 ],
			"to": [ 16.001, 8, 22.5 ],
			"rotation": { "origin": [ 16, 0, 0 ], "axis": "y", "angle": -45 },
			"shade": false,
			"faces": {
				"west": { "uv": [ 0, 0, 16, 8 ], "texture": "#needles" },
				"east": { "uv": [ 0, 0, 16, 8 ], "texture": "#needles" }
			}
		}
	]
}