{
	"textures": {
		"0": "item/goat_horn_model",
		"particle": "item/goat_horn_model"
	},
	"elements": [
		{
			"from": [3, -0.5, 5],
			"to": [10, 3.5, 9],
			"rotation": {"angle": 0, "axis": "y", "origin": [-1, 0, 6]},
			"faces": {
				"north": {"uv": [0, 8, 4, 15], "rotation": 90, "texture": "#0"},
				"east": {"uv": [4, 10, 8, 14], "texture": "#0"},
				"south": {"uv": [0, 8, 4, 15], "rotation": 270, "texture": "#0"},
				"west": {"uv": [4, 10, 8, 14], "texture": "#0"},
				"up": {"uv": [0, 8, 4, 15], "rotation": 270, "texture": "#0"},
				"down": {"uv": [0, 8, 4, 15], "rotation": 90, "texture": "#0"}
			}
		},
		{
			"from": [9, -4.5, 5.5],
			"to": [14, -1.5, 8.5],
			"rotation": {"angle": 22.5, "axis": "z", "origin": [-1, 0, 6]},
			"faces": {
				"north": {"uv": [11, 0, 14, 5], "rotation": 90, "texture": "#0"},
				"east": {"uv": [11, 6, 14, 9], "texture": "#0"},
				"south": {"uv": [11, 0, 14, 5], "rotation": 270, "texture": "#0"},
				"west": {"uv": [11, 6, 14, 9], "texture": "#0"},
				"up": {"uv": [11, 0, 14, 5], "rotation": 270, "texture": "#0"},
				"down": {"uv": [11, 0, 14, 5], "rotation": 270, "texture": "#0"}
			}
		},
		{
			"from": [1.5, 1, 4.5],
			"to": [6.5, 9, 9.5],
			"rotation": {"angle": 0, "axis": "y", "origin": [-1, 0, 6]},
			"faces": {
				"north": {"uv": [0, 0, 5, 8], "texture": "#0"},
				"east": {"uv": [0, 0, 5, 8], "texture": "#0"},
				"south": {"uv": [0, 0, 5, 8], "texture": "#0"},
				"west": {"uv": [0, 0, 5, 8], "texture": "#0"},
				"up": {"uv": [10, 5, 5, 0], "texture": "#0"},
				"down": {"uv": [10, 5, 5, 10], "texture": "#0"}
			}
		}
	],
	"gui_light": "front",
	"overrides": [
		{
			"predicate": {
				"tooting": 1
			},
			"model": "item/tooting_goat_horn"
		}
	],
	"display": {
		"thirdperson_righthand": {
			"rotation": [25, -164, 0],
			"translation": [1.25, 2.75, 2],
			"scale": [0.75, 0.75, 0.75]
		},
		"thirdperson_lefthand": {
			"rotation": [25, 19, 0],
			"translation": [1.25, 2.25, 3.75],
			"scale": [0.75, 0.75, 0.75]
		},
		"firstperson_righthand": {
			"rotation": [15, -70, 0],
			"translation": [2, 5, 2],
			"scale": [0.6, 0.6, 0.6]
		},
		"firstperson_lefthand": {
			"rotation": [16, 99, 0],
			"translation": [2, 5, 2],
			"scale": [0.6, 0.6, 0.6]
		},
		"ground": {
			"translation": [0, 2, 0],
			"scale": [0.6, 0.6, 0.6]
		},
		"gui": {
			"rotation": [-145.75, 45, -180],
			"translation": [0.25, 5.5, 0],
			"scale": [1.2, 1.2, 1.06]
		},
		"fixed": {
			"translation": [0, 3, 1],
			"scale": [1.25, 1.25, 1.25]
		}
	}
}