{
	"credit": "Made with Blockbench",
	"textures": {
		"1": "block/spruce_bush",
		"2": "block/spruce_log",
		"3": "block/spruce_log_top",
		"particle": "block/sweet_berry_bush_stage0",
		"cross": "block/sweet_berry_bush_stage0"
	},
	"elements": [
		{
			"from": [8, 0, 0.8],
			"to": [8, 16, 15.2],
			"shade": false,
			"rotation": {"angle": 45, "axis": "y", "origin": [8, 8, 8], "rescale": true},
			"faces": {
				"east": {"uv": [0, 0, 16, 16], "texture": "#cross"},
				"west": {"uv": [0, 0, 16, 16], "texture": "#cross"}
			}
		},
		{
			"from": [8, 0, 0.8],
			"to": [8, 16, 15.2],
			"shade": false,
			"rotation": {"angle": 0, "axis": "y", "origin": [8, 8, 8], "rescale": true},
			"faces": {
				"east": {"uv": [0, 0, 16, 16], "texture": "#cross"},
				"west": {"uv": [0, 0, 16, 16], "texture": "#cross"}
			}
		},
		{
			"from": [0.8, 0, 8],
			"to": [15.2, 16, 8],
			"shade": false,
			"rotation": {"angle": 0, "axis": "y", "origin": [8, 8, 8], "rescale": true},
			"faces": {
				"north": {"uv": [0, 0, 16, 16], "texture": "#cross"},
				"south": {"uv": [0, 0, 16, 16], "texture": "#cross"}
			}
		},
		{
			"from": [0.8, 0, 8],
			"to": [15.2, 16, 8],
			"shade": false,
			"rotation": {"angle": 45, "axis": "y", "origin": [8, 8, 8], "rescale": true},
			"faces": {
				"north": {"uv": [0, 0, 16, 16], "texture": "#cross"},
				"south": {"uv": [0, 0, 16, 16], "texture": "#cross"}
			}
		},
		{
			"from": [6, 1, 6],
			"to": [10, 5, 10],
			"faces": {
				"north": {"uv": [0, 0, 4, 4], "texture": "#1", "tintindex": 0},
				"east": {"uv": [10, 12, 14, 16], "texture": "#1", "tintindex": 0},
				"south": {"uv": [2, 12, 6, 16], "texture": "#1", "tintindex": 0},
				"west": {"uv": [10, 0, 14, 4], "texture": "#1", "tintindex": 0},
				"up": {"uv": [2, 6, 6, 10], "texture": "#1", "tintindex": 0},
				"down": {"uv": [8, 6, 12, 10], "texture": "#1", "tintindex": 0}
			}
		},
		{
			"from": [7, 0, 7],
			"to": [9, 2, 9],
			"faces": {
				"north": {"uv": [0, 2, 2, 4], "texture": "#2"},
				"east": {"uv": [0, 0, 2, 2], "texture": "#2"},
				"south": {"uv": [2, 2, 4, 4], "texture": "#2"},
				"west": {"uv": [2, 0, 4, 2], "texture": "#2"},
				"up": {"uv": [7, 7, 9, 9], "texture": "#3"},
				"down": {"uv": [7, 7, 9, 9], "texture": "#3", "cullface": "down"}
			}
		}
	]
}