{
	"credit": "Made with Blockbench",
	"textures": {
		"1": "block/spruce_bush_more_berry",
		"2": "block/spruce_log",
		"3": "block/spruce_log_top",
		"cross": "block/sweet_berry_bush_stage3",
		"particle": "block/spruce_bush_more_berry"
	},
	"elements": [
		{
			"from": [8, 0, 0.8],
			"to": [8, 16, 15.2],
			"shade": false,
			"rotation": {"angle": 45, "axis": "y", "origin": [8, 8, 8], "rescale": true},
			"faces": {
				"east": {"uv": [0, 0, 16, 16], "texture": "#cross"},
				"west": {"uv": [0, 0, 16, 16], "texture": "#cross"}
			}
		},
		{
			"from": [8, 0, 0.8],
			"to": [8, 16, 15.2],
			"shade": false,
			"rotation": {"angle": 0, "axis": "y", "origin": [8, 8, 8], "rescale": true},
			"faces": {
				"east": {"uv": [0, 0, 16, 16], "texture": "#cross"},
				"west": {"uv": [0, 0, 16, 16], "texture": "#cross"}
			}
		},
		{
			"from": [0.8, 0, 8],
			"to": [15.2, 16, 8],
			"shade": false,
			"rotation": {"angle": 0, "axis": "y", "origin": [8, 8, 8], "rescale": true},
			"faces": {
				"north": {"uv": [0, 0, 16, 16], "texture": "#cross"},
				"south": {"uv": [0, 0, 16, 16], "texture": "#cross"}
			}
		},
		{
			"from": [0.8, 0, 8],
			"to": [15.2, 16, 8],
			"shade": false,
			"rotation": {"angle": 45, "axis": "y", "origin": [8, 8, 8], "rescale": true},
			"faces": {
				"north": {"uv": [0, 0, 16, 16], "texture": "#cross"},
				"south": {"uv": [0, 0, 16, 16], "texture": "#cross"}
			}
		},
		{
			"from": [3, 2, 3],
			"to": [13, 12, 13],
			"faces": {
				"north": {"uv": [0, 0, 10, 10], "texture": "#1", "tintindex": 0},
				"east": {"uv": [0, 0, 10, 10], "texture": "#1", "tintindex": 0},
				"south": {"uv": [0, 0, 10, 10], "texture": "#1", "tintindex": 0},
				"west": {"uv": [5, 0, 15, 10], "texture": "#1", "tintindex": 0},
				"up": {"uv": [0, 5, 10, 15], "texture": "#1", "tintindex": 0},
				"down": {"uv": [4, 0, 14, 10], "texture": "#1", "tintindex": 0}
			}
		},
		{
			"from": [6, 0, 6],
			"to": [10, 4, 10],
			"faces": {
				"north": {"uv": [0, 4, 4, 8], "texture": "#2"},
				"east": {"uv": [0, 0, 4, 4], "texture": "#2"},
				"south": {"uv": [4, 4, 8, 8], "texture": "#2"},
				"west": {"uv": [4, 0, 8, 4], "texture": "#2"},
				"up": {"uv": [6, 6, 10, 10], "texture": "#3"},
				"down": {"uv": [6, 6, 10, 10], "texture": "#3", "cullface": "down"}
			}
		}
	]
}