{"display":{"gui":{"rotation":[30,225,0],"translation":[0,0,0],"scale":[0.825,0.825,0.825]},"ground":{"rotation":[0,0,0],"translation":[0,3,0],"scale":[0.5,0.5,0.5]},"fixed":{"rotation":[0,0,0],"translation":[0,0,0],"scale":[0.5,0.5,0.5]},"thirdperson_righthand":{"rotation":[75,45,0],"translation":[0,2.5,0],"scale":[0.375,0.375,0.375]},"firstperson_righthand":{"rotation":[0,45,0],"translation":[0,0,0],"scale":[0.5,0.5,0.5]},"firstperson_lefthand":{"rotation":[0,225,0],"translation":[0,0,0],"scale":[0.5,0.5,0.5]}},"elements":[{"from":[4,5.75,1],"to":[12,7.25,15],"faces":{"up":{"uv":[8.5,0.75,15.5,4.75],"texture":"#texture","rotation":90},"down":{"uv":[0.75,0.75,7.75,4.75],"texture":"#texture","rotation":90},"north":{"uv":[0,0.75,0.75,4.75],"texture":"#texture","rotation":90},"south":{"uv":[7.75,0.75,8.5,4.75],"texture":"#texture","rotation":90},"west":{"uv":[0.75,0,7.75,0.75],"texture":"#texture"},"east":{"uv":[7.75,0,14.75,0.75],"texture":"#texture"}}},{"from":[4,7.25,0],"to":[12,10.25,1],"faces":{"up":{"uv":[0.5,6.75,4.5,7.25],"texture":"#texture"},"down":{"uv":[4.5,6.75,8.5,7.25],"texture":"#texture"},"north":{"uv":[0.5,7.25,4.5,8.75],"texture":"#texture"},"south":{"uv":[5,7.25,9,8.75],"texture":"#texture"},"west":{"uv":[0,7.25,0.5,8.75],"texture":"#texture"},"east":{"uv":[4.5,7.25,5,8.75],"texture":"#texture"}}},{"from":[3.5,7.25,15],"to":[12.5,10.25,16],"faces":{"up":{"uv":[0.5,4.75,5,5.25],"texture":"#texture"},"down":{"uv":[5,4.75,9.5,5.25],"texture":"#texture"},"north":{"uv":[0.5,5.25,5,6.75],"texture":"#texture"},"south":{"uv":[5.5,5.25,10,6.75],"texture":"#texture"},"west":{"uv":[0,5.25,0.5,6.75],"texture":"#texture"},"east":{"uv":[5,5.25,5.5,6.75],"texture":"#texture"}}},{"from":[3,7.25,1],"to":[4,10.25,15],"faces":{"up":{"uv":[0.5,8.75,7.5,9.25],"texture":"#texture","rotation":270},"down":{"uv":[7.5,8.75,14.5,9.25],"texture":"#texture","rotation":270},"north":{"uv":[0,9.25,0.5,10.75],"texture":"#texture"},"south":{"uv":[7.5,9.25,8,10.75],"texture":"#texture"},"west":{"uv":[0.5,9.25,7.5,10.75],"texture":"#texture"},"east":{"uv":[8,9.25,15,10.75],"texture":"#texture"}}},{"from":[12,7.25,1],"to":[13,10.25,15],"faces":{"up":{"uv":[0.5,10.75,7.5,11.25],"texture":"#texture","rotation":270},"down":{"uv":[7.5,10.75,14.5,11.25],"texture":"#texture","rotation":270},"north":{"uv":[0,11.25,0.5,12.75],"texture":"#texture"},"south":{"uv":[7.5,11.25,8,12.75],"texture":"#texture"},"west":{"uv":[0.5,11.25,7.5,12.75],"texture":"#texture"},"east":{"uv":[8,11.25,15,12.75],"texture":"#texture"}}}]}