{"textures":{"particle":"blocks/brewing_stand","stand":"blocks/brewing_stand"},"elements":[{"from":[6,8,6],"to":[10,9,10],"faces":{"down":{"uv":[4,8,8,12],"texture":"#stand"},"up":{"uv":[4,12,8,16],"texture":"#stand"},"north":{"uv":[0,1.5,4,2.5],"texture":"#stand"},"south":{"uv":[0,1.5,4,2.5],"texture":"#stand"},"west":{"uv":[0,1.5,4,2.5],"texture":"#stand"},"east":{"uv":[0,1.5,4,2.5],"texture":"#stand"}}},{"from":[6.5,0,6.5],"to":[9.5,1,9.5],"faces":{"down":{"uv":[4.5,12.5,7.5,15.5],"texture":"#stand"},"up":{"uv":[4.5,8.5,7.5,11.5],"texture":"#stand"},"north":{"uv":[1,2.5,4,3.5],"texture":"#stand"},"south":{"uv":[1,2.5,4,3.5],"texture":"#stand"},"west":{"uv":[1,2.5,4,3.5],"texture":"#stand"},"east":{"uv":[1,2.5,4,3.5],"texture":"#stand"}}},{"from":[7.5,1.5,7.5],"to":[8.5,7.5,8.5],"shade":false,"faces":{"down":{"uv":[1,3.5,2,4.5],"texture":"#stand"},"up":{"uv":[1,3.5,2,4.5],"texture":"#stand"},"north":{"uv":[1,3.5,2,9.5],"texture":"#stand"},"south":{"uv":[1,3.5,2,9.5],"texture":"#stand"},"west":{"uv":[1,3.5,2,9.5],"texture":"#stand"},"east":{"uv":[1,3.5,2,9.5],"texture":"#stand"}}},{"from":[6.5,1,6.5],"to":[7,8,7],"faces":{"north":{"uv":[0,2.5,0.5,9.5],"texture":"#stand"},"south":{"uv":[0.5,2.5,1,9.5],"texture":"#stand"},"west":{"uv":[0,2.5,0.5,9.5],"texture":"#stand"},"east":{"uv":[0.5,2.5,1,9.5],"texture":"#stand"}}},{"from":[6.5,1,9],"to":[7,8,9.5],"faces":{"north":{"uv":[0.5,2.5,1,9.5],"texture":"#stand"},"south":{"uv":[0,2.5,0.5,9.5],"texture":"#stand"},"west":{"uv":[0,2.5,0.5,9.5],"texture":"#stand"},"east":{"uv":[0.5,2.5,1,9.5],"texture":"#stand"}}},{"from":[9,1,9],"to":[9.5,8,9.5],"faces":{"north":{"uv":[0.5,2.5,1,9.5],"texture":"#stand"},"south":{"uv":[0,2.5,0.5,9.5],"texture":"#stand"},"west":{"uv":[0.5,2.5,1,9.5],"texture":"#stand"},"east":{"uv":[0,2.5,0.5,9.5],"texture":"#stand"}}},{"from":[9,1,6.5],"to":[9.5,8,7],"faces":{"north":{"uv":[0,2.5,0.5,9.5],"texture":"#stand"},"south":{"uv":[0.5,2.5,1,9.5],"texture":"#stand"},"west":{"uv":[0.5,2.5,1,9.5],"texture":"#stand"},"east":{"uv":[0,2.5,0.5,9.5],"texture":"#stand"}}},{"from":[6.6,5.5,8],"to":[9.4,6.5,8],"rotation":{"origin":[8,8,8],"axis":"y","angle":45,"rescale":true},"shade":false,"faces":{"north":{"uv":[2,4,4,5],"texture":"#stand"},"south":{"uv":[2,4,4,5],"texture":"#stand"}}},{"from":[8,5.5,6.6],"to":[8,6.5,9.4],"rotation":{"origin":[8,8,8],"axis":"y","angle":45,"rescale":true},"shade":false,"faces":{"west":{"uv":[2,4,4,5],"texture":"#stand"},"east":{"uv":[2,4,4,5],"texture":"#stand"}}},{"from":[6.6,2.5,8],"to":[9.4,3.5,8],"rotation":{"origin":[8,8,8],"axis":"y","angle":45,"rescale":true},"shade":false,"faces":{"north":{"uv":[2,5,4,6],"texture":"#stand"},"south":{"uv":[2,5,4,6],"texture":"#stand"}}},{"from":[8,2.5,6.6],"to":[8,3.5,9.4],"rotation":{"origin":[8,8,8],"axis":"y","angle":45,"rescale":true},"shade":false,"faces":{"west":{"uv":[2,5,4,6],"texture":"#stand"},"east":{"uv":[2,5,4,6],"texture":"#stand"}}},{"from":[6.5,9,6.5],"to":[9.5,9.5,9.5],"faces":{"north":{"uv":[8.5,7,11.5,7.5],"texture":"#stand"},"south":{"uv":[8.5,7,11.5,7.5],"texture":"#stand"},"west":{"uv":[8.5,7,11.5,7.5],"texture":"#stand"},"east":{"uv":[8.5,7,11.5,7.5],"texture":"#stand"}}},{"from":[6,9.5,6],"to":[10,11.5,10],"faces":{"up":{"uv":[8,12,12,16],"texture":"#stand"},"down":{"uv":[8,12,12,16],"texture":"#stand"},"north":{"uv":[8,7.5,12,9.5],"texture":"#stand"},"south":{"uv":[8,7.5,12,9.5],"texture":"#stand"},"west":{"uv":[8,7.5,12,9.5],"texture":"#stand"},"east":{"uv":[8,7.5,12,9.5],"texture":"#stand"}}},{"from":[7,11.5,7],"to":[9,12,9],"faces":{"north":{"uv":[9,6,11,6.5],"texture":"#stand"},"south":{"uv":[9,6,11,6.5],"texture":"#stand"},"west":{"uv":[9,6,11,6.5],"texture":"#stand"},"east":{"uv":[9,6,11,6.5],"texture":"#stand"}}},{"from":[6.5,12,6.5],"to":[9.5,13,9.5],"faces":{"up":{"uv":[12,13,15,16],"texture":"#stand"},"north":{"uv":[8.5,6.5,11.5,7.5],"texture":"#stand"},"south":{"uv":[8.5,6.5,11.5,7.5],"texture":"#stand"},"west":{"uv":[8.5,6.5,11.5,7.5],"texture":"#stand"},"east":{"uv":[8.5,6.5,11.5,7.5],"texture":"#stand"}}},{"from":[7,12,7],"to":[9,13.5,9],"faces":{"up":{"uv":[2,6,4,8],"texture":"#stand"},"down":{"uv":[2,6,4,8],"texture":"#stand"},"north":{"uv":[2,8,4,9.5],"texture":"#stand"},"south":{"uv":[2,8,4,9.5],"texture":"#stand"},"west":{"uv":[2,8,4,9.5],"texture":"#stand"},"east":{"uv":[2,8,4,9.5],"texture":"#stand"}}},{"from":[6.5,9.5,6.5],"to":[9.5,10.5,9.5],"faces":{"up":{"uv":[2,3.5,2.5,4],"texture":"#stand"},"down":{"uv":[2,3.5,2.5,4],"texture":"#stand"},"north":{"uv":[2,3.5,2.5,4],"texture":"#stand"},"south":{"uv":[2,3.5,2.5,4],"texture":"#stand"},"west":{"uv":[2,3.5,2.5,4],"texture":"#stand"},"east":{"uv":[2,3.5,2.5,4],"texture":"#stand"}}},{"from":[7.5,13.5,7.5],"to":[8.5,14,8.5],"faces":{"north":{"uv":[8,5.5,10,6],"texture":"#stand"},"south":{"uv":[8,5.5,10,6],"texture":"#stand"},"west":{"uv":[8,5.5,10,6],"texture":"#stand"},"east":{"uv":[8,5.5,10,6],"texture":"#stand"}}},{"from":[5,0,10],"to":[1,0.5,6],"rotation":{"origin":[8,8,8],"axis":"y","angle":-45},"faces":{"down":{"uv":[0,9.5,4,13.5],"texture":"#stand"},"north":{"uv":[0,15.5,4,16],"texture":"#stand"},"south":{"uv":[0,15.5,4,16],"texture":"#stand"},"west":{"uv":[0,15.5,4,16],"texture":"#stand"},"east":{"uv":[0,15.5,4,16],"texture":"#stand"}}},{"from":[5.5,0.5,10],"to":[5,3,6],"rotation":{"origin":[8,8,8],"axis":"y","angle":-45},"faces":{"down":{"uv":[0,14,4,14.5],"texture":"#stand","rotation":90},"up":{"uv":[0,13.5,4,14],"texture":"#stand","rotation":90},"north":{"uv":[0,13.5,0.5,16],"texture":"#stand"},"south":{"uv":[3.5,13.5,4,16],"texture":"#stand"},"west":{"uv":[0,13.5,4,16],"texture":"#stand"},"east":{"uv":[4,13.5,0,16],"texture":"#stand"}}},{"from":[1,0.5,10],"to":[0.5,3,6],"rotation":{"origin":[8,8,8],"axis":"y","angle":-45},"faces":{"down":{"uv":[0,14,4,14.5],"texture":"#stand","rotation":270},"up":{"uv":[0,13.5,4,14],"texture":"#stand","rotation":270},"north":{"uv":[3.5,13.5,4,16],"texture":"#stand"},"south":{"uv":[0,13.5,0.5,16],"texture":"#stand"},"west":{"uv":[4,13.5,0,16],"texture":"#stand"},"east":{"uv":[0,13.5,4,16],"texture":"#stand"}}},{"from":[5,0.5,10.5],"to":[1,3,10],"rotation":{"origin":[8,8,8],"axis":"y","angle":-45},"faces":{"down":{"uv":[0,14,4,14.5],"texture":"#stand","rotation":180},"up":{"uv":[0,13.5,4,14],"texture":"#stand","rotation":180},"north":{"uv":[0,13.5,4,16],"texture":"#stand"},"south":{"uv":[4,13.5,0,16],"texture":"#stand"},"west":{"uv":[3.5,13.5,4,16],"texture":"#stand"},"east":{"uv":[0,13.5,0.5,16],"texture":"#stand"}}},{"from":[5,0.5,6],"to":[1,3,5.5],"rotation":{"origin":[8,8,8],"axis":"y","angle":-45},"faces":{"down":{"uv":[0,14,4,14.5],"texture":"#stand"},"up":{"uv":[0,13.5,4,14],"texture":"#stand"},"north":{"uv":[4,13.5,0,16],"texture":"#stand"},"south":{"uv":[0,13.5,4,16],"texture":"#stand"},"west":{"uv":[0,13.5,0.5,16],"texture":"#stand"},"east":{"uv":[3.5,13.5,4,16],"texture":"#stand"}}},{"from":[5,2.5,10],"to":[1,2.5,6],"rotation":{"origin":[8,8,8],"axis":"y","angle":-45},"shade":false,"faces":{"up":{"uv":[4,4,8,8],"texture":"#stand"}}},{"from":[6,8.5,8.5],"to":[4.5,9,7.5],"rotation":{"origin":[8,8,8],"axis":"y","angle":-45},"faces":{"down":{"uv":[5.5,13.5,7,14.5],"texture":"#stand"},"up":{"uv":[5.5,13.5,7,14.5],"texture":"#stand"},"north":{"uv":[5.5,13.5,7,14],"texture":"#stand"},"south":{"uv":[5.5,13.5,7,14],"texture":"#stand"}}},{"from":[4.5,8.5,9],"to":[4,9,7],"rotation":{"origin":[8,8,8],"axis":"y","angle":-45},"faces":{"down":{"uv":[6,14,6.5,14.5],"texture":"#stand"},"north":{"uv":[6,14,6.5,14.5],"texture":"#stand"},"south":{"uv":[6,14,6.5,14.5],"texture":"#stand"},"west":{"uv":[6,14,6.5,14.5],"texture":"#stand"},"east":{"uv":[6,14,6.5,14.5],"texture":"#stand"}}},{"from":[2,8.5,9],"to":[1.5,9,7],"rotation":{"origin":[8,8,8],"axis":"y","angle":-45},"faces":{"down":{"uv":[6,14,6.5,14.5],"texture":"#stand"},"north":{"uv":[6,14,6.5,14.5],"texture":"#stand"},"south":{"uv":[6,14,6.5,14.5],"texture":"#stand"},"west":{"uv":[6,14,6.5,14.5],"texture":"#stand"},"east":{"uv":[6,14,6.5,14.5],"texture":"#stand"}}},{"from":[4,8.5,9.5],"to":[2,9,9],"rotation":{"origin":[8,8,8],"axis":"y","angle":-45},"faces":{"down":{"uv":[6,14,6.5,14.5],"texture":"#stand"},"north":{"uv":[6,14,6.5,14.5],"texture":"#stand"},"south":{"uv":[6,14,6.5,14.5],"texture":"#stand"},"west":{"uv":[6,14,6.5,14.5],"texture":"#stand"},"east":{"uv":[6,14,6.5,14.5],"texture":"#stand"}}},{"from":[4,8.5,7],"to":[2,9,6.5],"rotation":{"origin":[8,8,8],"axis":"y","angle":-45},"faces":{"down":{"uv":[6,14,6.5,14.5],"texture":"#stand"},"north":{"uv":[6,14,6.5,14.5],"texture":"#stand"},"south":{"uv":[6,14,6.5,14.5],"texture":"#stand"},"west":{"uv":[6,14,6.5,14.5],"texture":"#stand"},"east":{"uv":[6,14,6.5,14.5],"texture":"#stand"}}},{"from":[4.5,5,9.5],"to":[1.5,5.5,6.5],"rotation":{"origin":[8,8,8],"axis":"y","angle":-45},"faces":{"north":{"uv":[8.5,7,11.5,7.5],"texture":"#stand"},"south":{"uv":[8.5,7,11.5,7.5],"texture":"#stand"},"west":{"uv":[8.5,7,11.5,7.5],"texture":"#stand"},"east":{"uv":[8.5,7,11.5,7.5],"texture":"#stand"}}},{"from":[5,5.5,10],"to":[1,8,6],"rotation":{"origin":[8,8,8],"axis":"y","angle":-45},"faces":{"up":{"uv":[8,12,12,16],"texture":"#stand"},"down":{"uv":[8,12,12,16],"texture":"#stand"},"north":{"uv":[8,9.5,12,12],"texture":"#stand"},"south":{"uv":[8,9.5,12,12],"texture":"#stand"},"west":{"uv":[8,9.5,12,12],"texture":"#stand"},"east":{"uv":[8,9.5,12,12],"texture":"#stand"}}},{"from":[4,8,9],"to":[2,8.5,7],"rotation":{"origin":[8,8,8],"axis":"y","angle":-45},"faces":{"north":{"uv":[9,6,11,6.5],"texture":"#stand"},"south":{"uv":[9,6,11,6.5],"texture":"#stand"},"west":{"uv":[9,6,11,6.5],"texture":"#stand"},"east":{"uv":[9,6,11,6.5],"texture":"#stand"}}},{"from":[4.5,9,9.5],"to":[1.5,10,6.5],"rotation":{"origin":[8,8,8],"axis":"y","angle":-45},"faces":{"up":{"uv":[12,13,15,16],"texture":"#stand"},"north":{"uv":[8.5,6.5,11.5,7.5],"texture":"#stand"},"south":{"uv":[8.5,6.5,11.5,7.5],"texture":"#stand"},"west":{"uv":[8.5,6.5,11.5,7.5],"texture":"#stand"},"east":{"uv":[8.5,6.5,11.5,7.5],"texture":"#stand"}}},{"from":[4,9,9],"to":[2,10.5,7],"rotation":{"origin":[8,8,8],"axis":"y","angle":-45},"faces":{"up":{"uv":[2,6,4,8],"texture":"#stand"},"down":{"uv":[2,6,4,8],"texture":"#stand"},"north":{"uv":[2,8,4,9.5],"texture":"#stand"},"south":{"uv":[2,8,4,9.5],"texture":"#stand"},"west":{"uv":[2,8,4,9.5],"texture":"#stand"},"east":{"uv":[2,8,4,9.5],"texture":"#stand"}}},{"from":[4.5,5.5,9.5],"to":[1.5,7,6.5],"rotation":{"origin":[8,8,8],"axis":"y","angle":-45},"faces":{"up":{"uv":[2.5,3.5,3,4],"texture":"#stand"},"down":{"uv":[2.5,3.5,3,4],"texture":"#stand"},"north":{"uv":[2.5,3.5,3,4],"texture":"#stand"},"south":{"uv":[2.5,3.5,3,4],"texture":"#stand"},"west":{"uv":[2.5,3.5,3,4],"texture":"#stand"},"east":{"uv":[2.5,3.5,3,4],"texture":"#stand"}}},{"from":[3.5,10.5,8.5],"to":[2.5,15,7.5],"rotation":{"origin":[8,8,8],"axis":"y","angle":-45},"faces":{"up":{"uv":[10,4,12,6],"texture":"#stand"},"north":{"uv":[14,4,16,13],"texture":"#stand"},"south":{"uv":[16,4,14,13],"texture":"#stand"},"west":{"uv":[5,2,14.5,4],"texture":"#stand","rotation":90},"east":{"uv":[12,4,14,13],"texture":"#stand"}}},{"from":[8,14,8.5],"to":[3.5,15,7.5],"rotation":{"origin":[8,8,8],"axis":"y","angle":-45},"faces":{"down":{"uv":[5,2,14.5,4],"texture":"#stand"},"up":{"uv":[7,0,16,2],"texture":"#stand"},"north":{"uv":[7,2,16,4],"texture":"#stand"},"south":{"uv":[16,2,7,4],"texture":"#stand"},"west":{"uv":[8,4,10,6],"texture":"#stand"}}}],"display":{"gui":{"rotation":[30,225,0],"translation":[-2,0,0],"scale":[1,1,1]},"ground":{"rotation":[0,0,0],"translation":[0,3,0],"scale":[0.25,0.25,0.25]},"fixed":{"rotation":[0,0,0],"translation":[0,0,0],"scale":[0.5,0.5,0.5]},"thirdperson_righthand":{"rotation":[75,45,0],"translation":[0,2.5,0],"scale":[0.375,0.375,0.375]},"firstperson_righthand":{"rotation":[0,225,0],"translation":[0,0,0],"scale":[0.5,0.5,0.5]},"firstperson_lefthand":{"rotation":[0,315,0],"translation":[0,0,0],"scale":[0.5,0.5,0.5]}}}