{"display":{"gui":{"rotation":[30,225,0],"translation":[0,0,0],"scale":[0.7,0.7,0.7]},"ground":{"rotation":[0,0,0],"translation":[0,3,0],"scale":[0.5,0.5,0.5]},"fixed":{"rotation":[0,0,0],"translation":[0,0,0],"scale":[0.5,0.5,0.5]},"thirdperson_righthand":{"rotation":[75,45,0],"translation":[0,2.5,0],"scale":[0.375,0.375,0.375]},"firstperson_righthand":{"rotation":[0,45,0],"translation":[0,0,0],"scale":[0.5,0.5,0.5]},"firstperson_lefthand":{"rotation":[0,225,0],"translation":[0,0,0],"scale":[0.5,0.5,0.5]}},"textures":{"texture":"items/minecart","hopper_top":"blocks/hopper_top","hopper_side":"blocks/hopper_outside","hopper_inside":"blocks/hopper_inside"},"elements":[{"from":[1.5999999999999996,0.7999999999999998,0],"to":[14.4,8.8,16],"faces":{"up":{"uv":[0,0,4,5],"texture":"#texture"},"down":{"uv":[4,0,8,5],"texture":"#texture"},"north":{"uv":[5,5,9,7.5],"texture":"#texture"},"south":{"uv":[5,5,9,7.5],"texture":"#texture"},"west":{"uv":[0,5,5,7.5],"texture":"#texture"},"east":{"uv":[0,5,5,7.5],"texture":"#texture"}}},{"from":[12.8,8.8,14.4],"to":[3.2,2.3999999999999995,1.5999999999999996],"faces":{"up":{"uv":[0,7.5,3,11.5],"texture":"#texture"},"north":{"uv":[4,11.5,6.75,13.5],"texture":"#texture"},"south":{"uv":[4,11.5,6.75,13.5],"texture":"#texture"},"west":{"uv":[0,11.5,4,13.5],"texture":"#texture"},"east":{"uv":[0,11.5,4,13.5],"texture":"#texture"}}},{"from":[3.2,7.2,3.2],"to":[12.8,10.8,12.8],"faces":{"up":{"uv":[0,0,16,16],"texture":"#hopper_top"},"north":{"uv":[0,0,16,6],"texture":"#hopper_side"},"south":{"uv":[0,0,16,6],"texture":"#hopper_side"},"west":{"uv":[0,0,16,6],"texture":"#hopper_side"},"east":{"uv":[0,0,16,6],"texture":"#hopper_side"}}},{"from":[11.6,10.8,11.6],"to":[4.4,7.800000000000001,4.4],"faces":{"up":{"uv":[2,2,14,14],"texture":"#hopper_inside"},"north":{"uv":[2,0,14,5],"texture":"#hopper_side","rotation":180},"south":{"uv":[2,0,14,5],"texture":"#hopper_side","rotation":180},"west":{"uv":[2,0,14,5],"texture":"#hopper_side","rotation":180},"east":{"uv":[2,0,14,5],"texture":"#hopper_side","rotation":180}}}]}